Match ID,League,Start Date/Time,Match Length,Duration (secs),Kills Score,Winner,Radiant Team,Dire Team
4986461644,10749,25 Aug 2019 01:50,0:24:34,1474,20-11,Radiant,2586976,2163
4986362254,10749,25 Aug 2019 12:54,0:23:23,1403,11-36,Dire,2163,2586976
4986260666,10749,25 Aug 2019 11:51,0:32:25,1945,11-40,Dire,2163,2586976
4986133311,10749,25 Aug 2019 10:33,0:48:34,2914,33-24,Radiant,2163,2586976
4985891168,10749,25 Aug 2019 08:12,0:36:34,2194,8-30,Dire,15,2163
4985787596,10749,25 Aug 2019 06:42,0:59:05,3545,31-29,Radiant,2163,15
4985705053,10749,25 Aug 2019 05:17,0:52:23,3143,18-38,Dire,2163,15
4984038549,10749,24 Aug 2019 11:17,0:39:58,2398,10-25,Dire,1838315,2163
4983935086,10749,24 Aug 2019 10:18,0:27:42,1662,26-8,Radiant,2163,1838315
4983800597,10749,24 Aug 2019 08:45,0:41:49,2509,22-29,Radiant,2586976,15
4983729131,10749,24 Aug 2019 07:51,0:22:27,1347,9-23,Dire,15,2586976
4983628610,10749,24 Aug 2019 06:19,0:44:47,2687,20-27,Dire,2586976,15
4983550247,10749,24 Aug 2019 05:08,0:21:52,1312,20-8,Radiant,1838315,726228
4983489657,10749,24 Aug 2019 04:09,0:23:32,1412,5-23,Dire,726228,1838315
4982200558,10749,23 Aug 2019 11:28,0:30:43,1843,33-10,Radiant,2163,39
4982103916,10749,23 Aug 2019 10:12,0:43:40,2620,23-21,Radiant,2163,39
4982005618,10749,23 Aug 2019 08:53,0:34:19,2059,38-10,Radiant,1838315,2672298
4981912277,10749,23 Aug 2019 07:22,0:57:51,3471,25-52,Dire,2672298,1838315
4981810133,10749,23 Aug 2019 05:21,1:18:05,4685,52-35,Radiant,2163,6209804
4981755910,10749,23 Aug 2019 04:13,0:35:24,2124,15-25,Dire,6209804,2163
4981028582,10749,22 Aug 2019 04:52,0:27:54,1674,23-15,Radiant,2586976,39
4980888053,10749,22 Aug 2019 03:35,0:42:03,2523,36-20,Radiant,2586976,39
4980773381,10749,22 Aug 2019 02:32,0:30:44,1844,26-8,Radiant,39,2586976
4980637380,10749,22 Aug 2019 01:05,0:42:41,2561,19-26,Dire,726228,15
4980541717,10749,22 Aug 2019 11:50,0:42:10,2530,13-20,Dire,726228,15
4980430921,10749,22 Aug 2019 10:18,0:46:51,2811,18-29,Dire,543897,1838315
4980333085,10749,22 Aug 2019 08:52,0:53:42,3222,36-28,Radiant,543897,1838315
4980260521,10749,22 Aug 2019 07:42,0:35:39,2139,29-29,Dire,543897,1838315
4980183695,10749,22 Aug 2019 06:21,0:40:01,2401,20-28,Dire,6214538,2672298
4980123889,10749,22 Aug 2019 05:08,0:40:28,2428,10-31,Dire,2672298,6214538
4980079753,10749,22 Aug 2019 04:10,0:25:20,1520,13-23,Dire,6214538,2672298
4979109318,10749,21 Aug 2019 02:39,0:45:50,2750,22-19,Radiant,2163,2108395
4978988612,10749,21 Aug 2019 01:28,0:33:00,1980,14-21,Dire,2108395,2163
4978884253,10749,21 Aug 2019 12:16,0:32:59,1979,20-16,Radiant,6209804,1883502
4978802370,10749,21 Aug 2019 11:12,0:29:49,1789,22-20,Radiant,6209804,1883502
4978701632,10749,21 Aug 2019 09:50,0:41:43,2503,14-26,Dire,1838315,39
4978587076,10749,21 Aug 2019 08:04,1:03:10,3790,29-29,Dire,39,1838315
4978505997,10749,21 Aug 2019 06:42,0:48:24,2904,12-40,Dire,1838315,39
4978435281,10749,21 Aug 2019 05:22,0:34:13,2053,16-35,Dire,6214538,2586976
4978383071,10749,21 Aug 2019 04:18,0:27:33,1653,8-23,Dire,6214538,2586976
4977648828,10749,20 Aug 2019 04:36,1:00:53,3653,20-35,Dire,36,543897
4977501535,10749,20 Aug 2019 03:20,0:34:24,2064,13-21,Dire,2626685,2672298
4977344912,10749,20 Aug 2019 01:51,0:40:41,2441,25-16,Radiant,2163,350190
4977207666,10749,20 Aug 2019 12:12,0:43:17,2597,21-24,Radiant,6209804,111474
4977114097,10749,20 Aug 2019 10:50,0:34:42,2082,6-25,Dire,2108395,726228
4977018128,10749,20 Aug 2019 09:20,1:01:13,3673,26-30,Dire,2108395,726228
4976922218,10749,20 Aug 2019 07:33,1:16:42,4602,48-38,Radiant,2108395,726228
4976841293,10749,20 Aug 2019 06:00,0:42:31,2551,15-27,Dire,1883502,15
4976789940,10749,20 Aug 2019 04:44,0:45:04,2704,22-12,Radiant,15,1883502
4973348952,10749,18 Aug 2019 09:28,0:38:32,2312,31-27,Radiant,2586976,726228
4973304079,10749,18 Aug 2019 08:59,0:37:35,2255,26-34,Dire,6214973,39
4973241356,10749,18 Aug 2019 08:16,0:39:32,2372,52-27,Radiant,726228,2586976
4973241299,10749,18 Aug 2019 08:15,0:30:43,1843,22-31,Dire,6209804,2672298
4973234250,10749,18 Aug 2019 08:11,0:54:08,3248,33-34,Dire,350190,1883502
4973205314,10749,18 Aug 2019 07:51,0:34:46,2086,12-37,Dire,6214973,39
4973182943,10749,18 Aug 2019 07:35,0:15:08,908,17-3,Radiant,6209804,2672298
4973159453,10749,18 Aug 2019 07:16,0:35:48,2148,47-17,Radiant,2108395,2163
4973135877,10749,18 Aug 2019 06:58,0:41:42,2502,23-34,Dire,350190,1883502
4973135794,10749,18 Aug 2019 06:58,0:27:00,1620,10-41,Dire,111474,15
4973107373,10749,18 Aug 2019 06:33,0:37:23,2243,28-7,Radiant,6214538,543897
4973073617,10749,18 Aug 2019 06:02,0:29:36,1776,22-30,Dire,1838315,7203342
4973059153,10749,18 Aug 2019 05:49,0:37:55,2275,13-33,Dire,15,111474
4973040677,10749,18 Aug 2019 05:31,1:09:55,4195,39-45,Dire,2163,2108395
4973034496,10749,18 Aug 2019 05:26,0:28:38,1718,20-8,Radiant,543897,6214538
4973017840,10749,18 Aug 2019 05:10,0:21:45,1305,15-33,Dire,7203342,1838315
4972974534,10749,18 Aug 2019 04:25,0:37:39,2259,28-12,Radiant,350190,6209804
4972973191,10749,18 Aug 2019 04:24,0:36:47,2207,33-14,Radiant,726228,36
4972964911,10749,18 Aug 2019 04:15,0:49:30,2970,24-26,Dire,39,1883502
4972958554,10749,18 Aug 2019 04:09,0:32:15,1935,34-16,Radiant,6214973,2672298
4972915024,10749,18 Aug 2019 03:16,0:40:40,2440,21-21,Dire,6209804,350190
4972914236,10749,18 Aug 2019 03:15,0:29:24,1764,9-25,Dire,1883502,39
4972914135,10749,18 Aug 2019 03:15,0:38:12,2292,15-29,Dire,36,726228
4972913573,10749,18 Aug 2019 03:15,0:23:50,1430,22-8,Radiant,2672298,6214973
4971878070,10749,17 Aug 2019 03:04,0:37:47,2267,19-32,Dire,1838315,15
4971762994,10749,17 Aug 2019 02:00,0:47:43,2863,46-28,Radiant,2163,2626685
4971752684,10749,17 Aug 2019 01:54,0:38:08,2288,15-34,Dire,1838315,15
4971714902,10749,17 Aug 2019 01:33,0:46:02,2762,39-19,Radiant,6214538,7203342
4971653414,10749,17 Aug 2019 12:54,0:49:02,2942,21-29,Dire,543897,111474
4971649432,10749,17 Aug 2019 12:52,0:36:06,2166,27-29,Dire,350190,2586976
4971609890,10749,17 Aug 2019 12:27,0:37:54,2274,44-11,Radiant,6214538,7203342
4971602368,10749,17 Aug 2019 12:22,1:00:23,3623,35-49,Dire,2626685,2163
4971562774,10749,17 Aug 2019 11:55,0:28:49,1729,16-30,Dire,111474,543897
4971535610,10749,17 Aug 2019 11:36,0:39:07,2347,27-43,Dire,350190,2586976
4971503549,10749,17 Aug 2019 11:15,0:44:41,2681,34-23,Radiant,6209804,36
4971493281,10749,17 Aug 2019 11:09,0:53:30,3210,34-11,Radiant,6214973,726228
4971457523,10749,17 Aug 2019 10:45,0:42:58,2578,25-30,Dire,2672298,1883502
4971405416,10749,17 Aug 2019 10:12,0:32:35,1955,8-29,Dire,36,6209804
4971396775,10749,17 Aug 2019 10:06,0:30:29,1829,20-7,Radiant,726228,6214973
4971353216,10749,17 Aug 2019 09:38,0:40:17,2417,33-25,Radiant,1883502,2672298
4971343154,10749,17 Aug 2019 09:32,1:26:29,5189,26-40,Dire,2108395,7203342
4971301802,10749,17 Aug 2019 09:04,0:44:38,2678,35-21,Radiant,111474,2163
4971293020,10749,17 Aug 2019 08:58,0:42:35,2555,39-23,Radiant,2626685,6214538
4971252360,10749,17 Aug 2019 08:30,0:43:05,2585,29-17,Radiant,543897,1838315
4971219223,10749,17 Aug 2019 08:05,0:29:47,1787,24-12,Radiant,2163,111474
4971219200,10749,17 Aug 2019 08:05,0:58:54,3534,33-22,Radiant,2108395,7203342
4971185236,10749,17 Aug 2019 07:40,0:19:55,1195,24-1,Radiant,1838315,543897
4971157392,10749,17 Aug 2019 07:17,1:09:50,4190,37-31,Radiant,6214538,2626685
4971147140,10749,17 Aug 2019 07:08,0:33:16,1996,19-46,Dire,1883502,2586976
4971136869,10749,17 Aug 2019 07:00,0:37:44,2264,15-28,Dire,6214973,6209804
4971103310,10749,17 Aug 2019 06:30,0:40:05,2405,34-20,Radiant,2672298,39
4971090004,10749,17 Aug 2019 06:17,0:34:55,2095,22-14,Radiant,350190,36
4971088106,10749,17 Aug 2019 06:16,0:21:34,1294,9-31,Dire,1883502,2586976
4971068045,10749,17 Aug 2019 05:57,0:34:53,2093,9-23,Dire,6214973,6209804
4971034132,10749,17 Aug 2019 05:22,0:27:36,1656,19-9,Radiant,350190,36
4971031352,10749,17 Aug 2019 05:19,0:36:30,2190,14-28,Dire,2672298,39
4971001716,10749,17 Aug 2019 04:49,0:41:28,2488,33-12,Radiant,111474,6214538
4970995519,10749,17 Aug 2019 04:42,0:52:56,3176,35-32,Radiant,2108395,1838315
4970980698,10749,17 Aug 2019 04:26,0:23:01,1381,28-7,Radiant,15,543897
4970976863,10749,17 Aug 2019 04:22,0:29:41,1781,8-30,Dire,7203342,2626685
4970925304,10749,17 Aug 2019 03:18,0:37:36,2256,9-34,Dire,543897,15
4970923784,10749,17 Aug 2019 03:16,0:59:31,3571,38-38,Radiant,6214538,111474
4970923478,10749,17 Aug 2019 03:16,0:31:26,1886,20-12,Radiant,2626685,7203342
4970923003,10749,17 Aug 2019 03:15,0:48:21,2901,12-34,Dire,2108395,1838315
4969903576,10749,16 Aug 2019 02:37,0:37:35,2255,27-16,Radiant,39,726228
4969840552,10749,16 Aug 2019 01:58,0:43:27,2607,31-46,Dire,6209804,2586976
4969839520,10749,16 Aug 2019 01:58,0:39:42,2382,32-18,Radiant,36,6214973
4969823336,10749,16 Aug 2019 01:47,0:34:41,2081,20-21,Dire,350190,2672298
4969752692,10749,16 Aug 2019 12:58,1:01:48,3708,25-30,Dire,726228,39
4969748381,10749,16 Aug 2019 12:55,0:36:39,2199,15-30,Dire,6214973,36
4969740895,10749,16 Aug 2019 12:50,0:30:57,1857,12-43,Dire,6209804,2586976
4969729714,10749,16 Aug 2019 12:41,0:36:23,2183,24-20,Dire,350190,2672298
4969674124,10749,16 Aug 2019 11:55,0:40:44,2444,23-32,Dire,2163,15
4969661567,10749,16 Aug 2019 11:45,0:34:50,2090,7-23,Dire,6214538,2108395
4969661339,10749,16 Aug 2019 11:45,0:43:37,2617,47-30,Radiant,111474,2626685
4969641209,10749,16 Aug 2019 11:30,0:47:06,2826,27-25,Radiant,543897,7203342
4969584026,10749,16 Aug 2019 10:41,0:33:53,2033,8-27,Dire,2626685,111474
4969568760,10749,16 Aug 2019 10:28,0:46:34,2794,26-32,Dire,2163,15
4969565764,10749,16 Aug 2019 10:26,0:48:18,2898,17-28,Dire,2108395,6214538
4969560020,10749,16 Aug 2019 10:21,0:38:48,2328,13-45,Dire,7203342,543897
4969499647,10749,16 Aug 2019 09:29,0:54:21,3261,40-21,Radiant,36,1883502
4969496405,10749,16 Aug 2019 09:26,0:31:50,1910,8-24,Dire,6209804,39
4969495247,10749,16 Aug 2019 09:25,0:31:28,1888,31-11,Radiant,726228,2672298
4969485474,10749,16 Aug 2019 09:17,0:30:01,1801,25-20,Dire,6214973,2586976
4969415357,10749,16 Aug 2019 08:10,0:44:20,2660,34-12,Radiant,39,6209804
4969405883,10749,16 Aug 2019 08:01,0:41:12,2472,23-28,Dire,6214973,2586976
4969405346,10749,16 Aug 2019 08:00,0:39:03,2343,12-28,Dire,1883502,36
4969402562,10749,16 Aug 2019 07:58,0:59:54,3594,32-32,Dire,726228,2672298
4969357844,10749,16 Aug 2019 07:09,0:39:15,2355,47-18,Radiant,111474,2108395
4969351370,10749,16 Aug 2019 07:01,0:28:39,1719,35-13,Radiant,2163,543897
4969348313,10749,16 Aug 2019 06:58,0:23:02,1382,2-19,Dire,2626685,1838315
4969319314,10749,16 Aug 2019 06:24,1:07:51,4071,30-41,Radiant,6214538,15
4969295489,10749,16 Aug 2019 05:54,0:39:49,2389,18-25,Dire,2163,543897
4969292028,10749,16 Aug 2019 05:50,0:36:40,2200,30-16,Radiant,1838315,2626685
4969288250,10749,16 Aug 2019 05:45,0:52:12,3132,29-41,Dire,111474,2108395
4969274267,10749,16 Aug 2019 05:27,0:24:35,1475,4-25,Dire,6214538,15
4969248720,10749,16 Aug 2019 04:50,0:34:36,2076,12-26,Dire,6214973,350190
4969247132,10749,16 Aug 2019 04:48,0:35:18,2118,40-18,Radiant,36,2672298
4969238891,10749,16 Aug 2019 04:36,0:41:11,2471,21-28,Dire,1883502,726228
4969232153,10749,16 Aug 2019 04:26,0:35:47,2147,27-24,Radiant,2586976,39
4969187966,10749,16 Aug 2019 03:18,1:03:37,3817,48-35,Dire,36,2672298
4969186537,10749,16 Aug 2019 03:16,1:03:31,3811,34-37,Dire,350190,6214973
4969185930,10749,16 Aug 2019 03:15,0:32:15,1935,31-12,Radiant,2586976,39
4969185780,10749,16 Aug 2019 03:15,0:46:39,2799,38-30,Radiant,726228,1883502
4968466397,10749,15 Aug 2019 04:25,0:35:56,2156,8-26,Dire,2108395,15
4968447861,10749,15 Aug 2019 04:16,0:36:09,2169,27-16,Radiant,2626685,543897
4968350012,10749,15 Aug 2019 03:22,0:25:33,1533,14-35,Dire,543897,2626685
4968324806,10749,15 Aug 2019 03:10,0:48:18,2898,41-10,Radiant,2108395,15
4968280282,10749,15 Aug 2019 02:44,0:35:15,2115,10-26,Dire,7203342,111474
4968242416,10749,15 Aug 2019 02:21,0:29:03,1743,10-29,Dire,2163,1838315
4968187584,10749,15 Aug 2019 01:46,0:57:43,3463,17-35,Dire,350190,726228
4968169805,10749,15 Aug 2019 01:34,0:26:06,1566,29-10,Radiant,1838315,2163
4968150000,10749,15 Aug 2019 01:20,1:22:14,4934,54-42,Radiant,39,36
4968129116,10749,15 Aug 2019 01:06,1:03:07,3787,34-38,Radiant,7203342,111474
4968097430,10749,15 Aug 2019 12:41,0:32:58,1978,41-14,Radiant,726228,350190
4968053464,10749,15 Aug 2019 12:06,0:19:39,1179,27-13,Radiant,2586976,2672298
4968051649,10749,15 Aug 2019 12:04,0:43:11,2591,14-29,Dire,1883502,6209804
4968049919,10749,15 Aug 2019 12:03,0:46:57,2817,35-27,Radiant,36,39
4967996576,10749,15 Aug 2019 11:19,0:54:49,3289,23-35,Dire,6214538,1838315
4967969353,10749,15 Aug 2019 10:55,0:33:06,1986,18-39,Dire,2672298,2586976
4967962327,10749,15 Aug 2019 10:49,0:46:42,2802,31-12,Radiant,543897,2108395
4967956396,10749,15 Aug 2019 10:45,0:40:04,2404,17-21,Dire,6209804,1883502
4967897880,10749,15 Aug 2019 09:53,0:22:17,1337,21-5,Radiant,2163,7203342
4967893095,10749,15 Aug 2019 09:49,0:56:07,3367,24-35,Radiant,1838315,6214538
4967878474,10749,15 Aug 2019 09:36,0:49:32,2972,25-44,Dire,2626685,15
4967877032,10749,15 Aug 2019 09:35,0:47:46,2866,21-25,Dire,2108395,543897
4967821629,10749,15 Aug 2019 08:41,0:39:32,2372,41-14,Radiant,2163,7203342
4967813166,10749,15 Aug 2019 08:33,0:30:51,1851,10-26,Dire,2626685,15
4967784803,10749,15 Aug 2019 08:02,0:44:15,2655,40-28,Radiant,36,2586976
4967770591,10749,15 Aug 2019 07:47,0:43:20,2600,22-24,Dire,6214973,1883502
4967765768,10749,15 Aug 2019 07:42,0:28:04,1684,26-7,Radiant,726228,6209804
4967744940,10749,15 Aug 2019 07:20,0:40:02,2402,32-21,Radiant,350190,39
4967721543,10749,15 Aug 2019 06:52,0:39:13,2353,21-48,Dire,36,2586976
4967701639,10749,15 Aug 2019 06:27,0:41:34,2494,23-6,Radiant,1883502,6214973
4967695591,10749,15 Aug 2019 06:19,0:49:07,2947,22-25,Dire,6209804,726228
4967689210,10749,15 Aug 2019 06:10,0:36:25,2185,31-10,Radiant,350190,39
4967655141,10749,15 Aug 2019 05:20,1:00:05,3605,44-47,Dire,2626685,2108395
4967654870,10749,15 Aug 2019 05:20,0:41:24,2484,39-15,Radiant,6214538,2163
4967652141,10749,15 Aug 2019 05:16,0:21:50,1310,20-8,Radiant,1838315,111474
4967642360,10749,15 Aug 2019 05:03,0:34:52,2092,11-27,Dire,7203342,15
4967602648,10749,15 Aug 2019 04:03,0:44:42,2682,25-36,Radiant,1838315,111474
4967601727,10749,15 Aug 2019 04:02,0:47:53,2873,15-39,Dire,2163,6214538
4967601481,10749,15 Aug 2019 04:01,0:27:47,1667,21-7,Radiant,15,7203342
4967600837,10749,15 Aug 2019 04:01,0:53:13,3193,18-36,Dire,2626685,2108395
4904311356,10749,15 Jul 2019 03:30,0:32:44,1964,6-48,Dire,6288801,6214538
4904261164,10749,15 Jul 2019 02:19,0:31:41,1901,32-4,Radiant,6214538,6288801
4904218149,10749,15 Jul 2019 01:14,0:32:36,1956,4-33,Dire,6288801,6214538
4904171017,10749,15 Jul 2019 12:09,0:33:54,2034,8-19,Dire,6214538,6288801
4904062522,10749,14 Jul 2019 10:18,0:30:17,1817,12-23,Dire,7079109,6288801
4903974414,10749,14 Jul 2019 09:02,0:41:35,2495,16-25,Dire,7079109,6288801
4903679968,10749,14 Jul 2019 05:37,0:42:01,2521,28-15,Radiant,7203342,5059375
4903566049,10749,14 Jul 2019 04:41,0:29:32,1772,7-25,Dire,5059375,7203342
4903441151,10749,14 Jul 2019 03:51,0:24:20,1460,18-7,Radiant,7203342,5059375
4903243468,10749,14 Jul 2019 02:19,0:28:24,1704,34-16,Radiant,7203342,3214090
4903157391,10749,14 Jul 2019 01:36,0:48:58,2938,32-37,Dire,1520578,6209804
4903091581,10749,14 Jul 2019 01:02,0:43:47,2627,27-34,Dire,3214090,7203342
4903051772,10749,14 Jul 2019 12:39,0:32:04,1924,28-15,Radiant,1520578,6209804
4902924459,10749,14 Jul 2019 11:37,0:35:47,2147,18-35,Dire,1520578,6209804
4902837041,10749,14 Jul 2019 10:44,0:29:35,1775,9-24,Dire,1520578,6209804
4902729928,10749,14 Jul 2019 09:50,0:28:05,1685,32-7,Radiant,1520578,6209804
4902576905,10749,14 Jul 2019 08:29,0:30:43,1843,20-12,Radiant,6209804,4
4902464697,10749,14 Jul 2019 07:15,0:39:16,2356,31-24,Radiant,4,6209804
4902354217,10749,14 Jul 2019 05:59,0:33:32,2012,26-6,Radiant,6209804,4
4902186317,10749,14 Jul 2019 03:39,0:32:12,1932,8-21,Dire,7247584,6288801
4902122478,10749,14 Jul 2019 02:19,0:47:57,2877,8-28,Dire,6288801,7247584
4902056634,10749,14 Jul 2019 12:38,1:09:16,4156,20-30,Dire,7247584,6288801
4901998619,10749,13 Jul 2019 11:37,0:23:06,1386,5-28,Dire,7079109,6214538
4901925673,10749,13 Jul 2019 10:37,0:30:47,1847,14-31,Dire,7079109,6214538
4901835876,10749,13 Jul 2019 09:13,0:37:09,2229,23-26,Radiant,7079109,6288801
4901799568,10749,13 Jul 2019 08:49,0:30:20,1820,34-11,Radiant,6214538,7247584
4901742097,10749,13 Jul 2019 08:04,0:41:30,2490,25-13,Radiant,7079109,6288801
4901733286,10749,13 Jul 2019 07:57,0:23:24,1404,2-17,Dire,7247584,6214538
4901728834,10749,13 Jul 2019 07:53,0:34:04,2044,22-15,Radiant,7203342,7019882
4901646019,10749,13 Jul 2019 06:54,0:27:39,1659,12-24,Dire,7019882,7203342
4901517396,10749,13 Jul 2019 05:37,0:54:26,3266,45-28,Radiant,5059375,3214090
4901403209,10749,13 Jul 2019 04:30,0:38:17,2297,23-19,Radiant,3214090,5059375
4901284783,10749,13 Jul 2019 03:28,0:36:40,2200,33-18,Radiant,5059375,3214090
4901159737,10749,13 Jul 2019 02:29,0:26:40,1600,2-19,Dire,7203342,5059375
4901024942,10749,13 Jul 2019 01:21,0:29:31,1771,24-18,Radiant,3214090,7019882
4900989725,10749,13 Jul 2019 01:05,0:53:03,3183,16-30,Dire,7203342,5059375
4900882659,10749,13 Jul 2019 12:00,0:53:54,3234,47-40,Dire,7019882,3214090
4900878151,10749,13 Jul 2019 12:00,0:36:42,2202,21-16,Radiant,7203342,5059375
4900754747,10749,13 Jul 2019 10:46,0:33:03,1983,19-26,Dire,5,6209804
4900655165,10749,13 Jul 2019 09:50,0:34:07,2047,39-19,Radiant,6209804,5
4900567798,10749,13 Jul 2019 08:57,0:31:32,1892,32-7,Radiant,1520578,4
4900437098,10749,13 Jul 2019 07:31,1:04:13,3853,28-41,Dire,4,1520578
4900361701,10749,13 Jul 2019 06:29,0:29:34,1774,29-13,Radiant,1520578,6209804
4900345103,10749,13 Jul 2019 06:13,0:29:09,1749,6-20,Dire,5,4
4900279672,10749,13 Jul 2019 05:01,0:34:44,2084,11-27,Dire,5,4
4900274319,10749,13 Jul 2019 04:57,0:50:44,3044,28-10,Radiant,1520578,6209804
4900067404,10749,13 Jul 2019 12:53,0:25:32,1532,31-8,Radiant,6288801,1366506
4900038021,10749,13 Jul 2019 12:14,0:41:17,2477,43-33,Radiant,5892936,7234776
4899998031,10749,12 Jul 2019 11:28,0:57:26,3446,28-49,Dire,3,1366506
4899990684,10749,12 Jul 2019 11:20,0:25:33,1533,5-23,Dire,7079109,6214538
4899925007,10749,12 Jul 2019 10:14,0:43:53,2633,15-21,Dire,3,7247584
4899910933,10749,12 Jul 2019 10:02,0:45:15,2715,29-21,Radiant,6288801,5892936
4899861791,10749,12 Jul 2019 09:18,0:32:49,1969,28-20,Radiant,7079109,7234776
4899849741,10749,12 Jul 2019 09:10,0:45:59,2759,33-22,Radiant,7019882,7247587
4899824721,10749,12 Jul 2019 08:49,0:38:36,2316,16-26,Dire,1366506,7247584
4899794936,10749,12 Jul 2019 08:24,0:24:32,1472,32-5,Radiant,6214538,5892936
4899779076,10749,12 Jul 2019 08:13,0:29:56,1796,18-15,Radiant,7203342,7247587
4899720973,10749,12 Jul 2019 07:31,0:42:09,2529,21-34,Dire,7234776,3
4899699117,10749,12 Jul 2019 07:16,0:26:38,1598,24-8,Radiant,7203342,7019882
4899678604,10749,12 Jul 2019 07:03,0:43:10,2590,22-35,Dire,7247584,6288801
4899564616,10749,12 Jul 2019 05:58,0:41:44,2504,12-41,Dire,6711290,5059375
4899420396,10749,12 Jul 2019 04:48,0:32:10,1930,24-55,Dire,7237270,7247949
4899405483,10749,12 Jul 2019 04:42,0:39:30,2370,34-32,Dire,6711290,7247587
4899277798,10749,12 Jul 2019 03:44,0:37:41,2261,27-11,Radiant,7203342,7019882
4899237869,10749,12 Jul 2019 03:30,0:42:49,2569,43-17,Radiant,7247587,3214090
4899156839,10749,12 Jul 2019 02:53,0:29:48,1788,37-6,Radiant,5059375,7237270
4899109599,10749,12 Jul 2019 02:26,0:33:02,1982,10-25,Dire,7019882,7247949
4899105947,10749,12 Jul 2019 02:25,0:32:25,1945,32-10,Radiant,1520578,6209166
4899031001,10749,12 Jul 2019 01:47,0:36:55,2215,24-31,Dire,6711290,3214090
4898997090,10749,12 Jul 2019 01:25,0:27:38,1658,4-23,Dire,7237270,7203342
4898963307,10749,12 Jul 2019 01:07,0:51:22,3082,13-30,Dire,6209166,4
4898917433,10749,12 Jul 2019 12:37,0:41:41,2501,36-41,Dire,7247949,7247587
4898874248,10749,12 Jul 2019 12:09,0:33:40,2020,36-8,Radiant,1520578,4
4898862653,10749,12 Jul 2019 12:02,0:54:03,3243,39-34,Radiant,3214090,5059375
4898778768,10749,12 Jul 2019 11:04,0:34:45,2085,12-24,Dire,5066616,6209166
4898695323,10749,12 Jul 2019 10:03,0:41:01,2461,17-46,Dire,5066616,6209804
4898694845,10749,12 Jul 2019 10:04,0:40:17,2417,29-23,Radiant,5,1375614
4898624985,10749,12 Jul 2019 09:12,0:27:31,1651,9-34,Dire,7059982,4
4898620035,10749,12 Jul 2019 09:08,0:33:28,2008,12-25,Dire,1520578,6209804
4898493690,10749,12 Jul 2019 07:20,0:40:20,2420,23-12,Radiant,5,6209166
4898481037,10749,12 Jul 2019 07:09,1:31:32,5492,35-40,Radiant,4,1375614
4898441612,10749,12 Jul 2019 06:32,0:25:28,1528,27-4,Radiant,1520578,5066616
4898433464,10749,12 Jul 2019 06:24,0:24:20,1460,21-8,Radiant,5,7059982
4898378888,10749,12 Jul 2019 05:28,0:42:05,2525,13-29,Dire,6209804,1375614
4898352759,10749,12 Jul 2019 05:00,0:58:19,3499,13-41,Dire,1520578,6209166
4898299070,10749,12 Jul 2019 04:00,0:36:26,2186,27-14,Radiant,7079109,5892936
4898286553,10749,12 Jul 2019 03:46,0:23:19,1399,8-25,Dire,7247584,6214538
4898239550,10749,12 Jul 2019 02:44,0:50:18,3018,29-19,Radiant,6288801,3
4898232628,10749,12 Jul 2019 02:33,0:35:54,2154,33-16,Radiant,7079109,1366506
4898190830,10749,12 Jul 2019 01:27,0:40:42,2442,5-25,Dire,3,6214538
4898154051,10749,12 Jul 2019 12:31,0:30:35,1835,9-29,Dire,5892936,1366506
4898142287,10749,12 Jul 2019 12:14,0:44:34,2674,28-14,Radiant,6288801,7079109
4898118360,10749,11 Jul 2019 11:43,0:23:50,1430,34-7,Radiant,6214538,7234776
4898079807,10749,11 Jul 2019 10:59,0:47:15,2835,16-26,Dire,5892936,3
4898062038,10749,11 Jul 2019 10:43,0:28:23,1703,6-24,Dire,1366506,6214538
4898025525,10749,11 Jul 2019 10:04,0:24:33,1473,39-12,Radiant,6288801,7234776
4897995859,10749,11 Jul 2019 09:40,0:31:59,1919,37-22,Radiant,7079109,7247584
4897970627,10749,11 Jul 2019 09:16,0:42:47,2567,28-29,Dire,7237270,7019882
4897949339,10749,11 Jul 2019 08:56,0:34:08,2048,14-27,Dire,7234776,1366506
4897942053,10749,11 Jul 2019 08:51,0:44:59,2699,13-39,Dire,7203342,3214090
4897909227,10749,11 Jul 2019 08:24,0:44:48,2688,25-39,Dire,5892936,7247584
4897880263,10749,11 Jul 2019 08:01,0:32:35,1955,10-33,Dire,7247587,5059375
4897853305,10749,11 Jul 2019 07:39,0:39:14,2354,10-25,Dire,6711290,7019882
4897840279,10749,11 Jul 2019 07:30,0:55:57,3357,32-48,Radiant,7079109,3
4897799006,10749,11 Jul 2019 07:06,0:47:24,2844,8-23,Dire,6288801,6214538
4897787211,10749,11 Jul 2019 06:51,0:28:49,1729,29-6,Radiant,3214090,7247949
4897749667,10749,11 Jul 2019 06:27,0:50:06,3006,37-45,Dire,7247587,7203342
4897693892,10749,11 Jul 2019 05:53,0:33:22,2002,30-14,Radiant,6711290,7237270
4897632737,10749,11 Jul 2019 05:20,0:44:43,2683,35-13,Radiant,7019882,5059375
4897617647,10749,11 Jul 2019 05:13,0:13:10,790,22-0,Radiant,7203342,7247949
4897538425,10749,11 Jul 2019 04:35,0:21:35,1295,40-13,Radiant,7247587,7237270
4897433094,10749,11 Jul 2019 03:52,0:46:35,2795,17-44,Dire,7203342,6711290
4897388384,10749,11 Jul 2019 03:29,0:42:39,2559,13-34,Dire,7247949,5059375
4897297200,10749,11 Jul 2019 02:46,0:38:24,2304,36-23,Radiant,3214090,7019882
4897289984,10749,11 Jul 2019 02:44,0:23:38,1418,30-11,Radiant,5,4
4897255057,10749,11 Jul 2019 02:27,1:08:04,4084,47-28,Radiant,1520578,7059982
4897243939,10749,11 Jul 2019 02:21,0:36:12,2172,24-7,Radiant,6711290,7247949
4897146193,10749,11 Jul 2019 01:31,0:41:16,2476,19-27,Dire,6209166,6209804
4897146106,10749,11 Jul 2019 01:32,0:28:52,1732,7-22,Dire,5066616,4
4897134944,10749,11 Jul 2019 01:24,0:39:13,2353,23-49,Dire,3214090,7237270
4897082996,10749,11 Jul 2019 12:53,1:03:00,3780,38-38,Dire,7247587,7019882
4897054383,10749,11 Jul 2019 12:36,0:45:12,2712,24-35,Dire,7059982,6209804
4896998377,10749,11 Jul 2019 12:00,0:54:29,3269,25-8,Radiant,5059375,7203342
4896993477,10749,11 Jul 2019 11:55,0:38:50,2330,9-23,Dire,1520578,1375614
4896898794,10749,11 Jul 2019 10:48,1:00:14,3614,35-16,Radiant,4,6209166
4896878842,10749,11 Jul 2019 10:34,0:37:27,2247,25-15,Radiant,5,5066616
4896782830,10749,11 Jul 2019 09:31,0:35:38,2138,33-16,Radiant,1375614,7059982
4896762736,10749,11 Jul 2019 09:16,0:51:30,3090,34-32,Dire,6209804,5
4896667427,10749,11 Jul 2019 07:56,0:53:59,3239,21-28,Dire,1375614,6209166
4896666985,10749,11 Jul 2019 07:56,0:32:22,1942,10-28,Dire,5066616,7059982
4896604807,10749,11 Jul 2019 06:59,0:37:13,2233,21-9,Radiant,1520578,4
4896578554,10749,11 Jul 2019 06:36,0:39:51,2391,20-14,Radiant,5066616,1375614
4896537708,10749,11 Jul 2019 05:54,0:32:03,1923,21-7,Radiant,1520578,5
4896517067,10749,11 Jul 2019 05:31,0:38:41,2321,31-30,Radiant,6209804,4
4896489852,10749,11 Jul 2019 05:01,0:27:43,1663,5-20,Dire,7059982,6209166
4896322388,10749,11 Jul 2019 01:12,0:37:49,2269,26-17,Radiant,2672298,67
4896277753,10749,11 Jul 2019 12:06,0:38:26,2306,23-30,Dire,67,2672298
4896243111,10749,10 Jul 2019 11:23,0:31:17,1877,22-24,Dire,67,2672298
4896097089,10749,10 Jul 2019 09:02,0:25:12,1512,25-14,Radiant,2672298,7119077
4896040961,10749,10 Jul 2019 08:14,0:27:01,1621,26-13,Radiant,2672298,7119077
4895967030,10749,10 Jul 2019 07:17,0:50:44,3044,30-22,Radiant,36,7118032
4895878753,10749,10 Jul 2019 06:18,0:32:01,1921,8-15,Dire,7118032,36
4895769989,10749,10 Jul 2019 05:17,0:36:16,2176,22-8,Radiant,36,7118032
4895561660,10749,10 Jul 2019 03:38,0:33:14,1994,34-15,Radiant,36,2006913
4895407807,10749,10 Jul 2019 02:27,0:44:14,2654,18-32,Dire,2006913,36
4895310107,10749,10 Jul 2019 01:36,0:41:31,2491,26-26,Dire,7225724,543897
4895242023,10749,10 Jul 2019 12:59,0:56:17,3377,22-40,Dire,36,2006913
4895166789,10749,10 Jul 2019 12:08,0:44:32,2672,28-33,Radiant,543897,7225724
4895079977,10749,10 Jul 2019 11:09,0:32:17,1937,9-27,Dire,543897,7225724
4895004631,10749,10 Jul 2019 10:17,0:30:25,1825,28-12,Radiant,543897,7225724
4894907490,10749,10 Jul 2019 09:08,0:32:21,1941,10-29,Dire,543897,7225724
4894824244,10749,10 Jul 2019 08:01,0:30:24,1824,22-9,Radiant,7225724,7098928
4894768580,10749,10 Jul 2019 07:12,0:25:01,1501,25-7,Radiant,7225724,7098928
4894690855,10749,10 Jul 2019 06:00,0:52:20,3140,19-34,Dire,7225724,7098928
4894507951,10749,10 Jul 2019 02:23,0:40:36,2436,20-46,Dire,6382242,7119077
4894468948,10749,10 Jul 2019 01:20,0:42:17,2537,40-17,Radiant,7119077,6382242
4894403418,10749,09 Jul 2019 11:44,1:07:04,4024,31-57,Dire,2672298,67
4894322762,10749,09 Jul 2019 10:13,0:56:12,3372,29-44,Dire,2672298,67
4894264887,10749,09 Jul 2019 09:20,0:18:52,1132,14-22,Dire,67,2672298
4894257480,10749,09 Jul 2019 09:17,0:28:08,1688,8-26,Dire,46,36
4894187671,10749,09 Jul 2019 08:20,0:30:08,1808,31-13,Radiant,46,36
4894186925,10749,09 Jul 2019 08:16,0:20:53,1253,24-9,Radiant,2672298,7119077
4894168276,10749,09 Jul 2019 08:02,0:32:40,1960,10-31,Dire,6382242,67
4894107881,10749,09 Jul 2019 07:24,0:30:04,1804,32-6,Radiant,36,46
4894085062,10749,09 Jul 2019 07:07,0:26:26,1586,22-7,Radiant,67,6382242
4894083817,10749,09 Jul 2019 07:00,0:44:24,2664,34-38,Dire,7119077,2672298
4894018484,10749,09 Jul 2019 06:18,0:35:41,2141,12-27,Dire,2006913,7118032
4893895177,10749,09 Jul 2019 05:14,0:38:58,2338,17-30,Dire,2006913,7118032
4893715379,10749,09 Jul 2019 04:00,0:48:26,2906,34-43,Dire,7118032,2006913
4893508790,10749,09 Jul 2019 02:45,0:35:47,2147,25-39,Dire,36,2006913
4893390956,10749,09 Jul 2019 01:47,0:41:09,2469,22-19,Radiant,7118032,46
4893349765,10749,09 Jul 2019 01:26,0:53:01,3181,31-28,Radiant,36,2006913
4893290350,10749,09 Jul 2019 12:52,0:46:54,2814,34-41,Dire,6797380,7225724
4893210050,10749,09 Jul 2019 12:00,0:57:16,3436,34-22,Dire,46,7118032
4893206092,10749,09 Jul 2019 12:00,0:59:17,3557,32-35,Radiant,2006913,36
4893194768,10749,09 Jul 2019 11:50,0:36:31,2191,21-27,Dire,6797380,7225724
4893101163,10749,09 Jul 2019 10:46,0:36:03,2163,25-12,Radiant,543897,7098928
4893015943,10749,09 Jul 2019 09:47,0:37:55,2275,25-21,Radiant,543897,7098928
4892915690,10749,09 Jul 2019 08:33,0:47:44,2864,21-34,Dire,543897,7098928
4892836621,10749,09 Jul 2019 07:24,0:32:21,1941,8-23,Dire,6797380,7098928
4892763044,10749,09 Jul 2019 06:19,0:41:36,2496,12-30,Dire,6797380,7098928
4892739831,10749,09 Jul 2019 05:55,0:20:38,1238,21-6,Radiant,543897,7225724
4892693972,10749,09 Jul 2019 05:08,0:26:03,1563,8-24,Dire,7225724,543897
4892691160,10749,09 Jul 2019 05:04,0:46:08,2768,21-14,Radiant,6797380,7098928
4892482283,10749,09 Jul 2019 12:27,0:38:22,2302,35-16,Radiant,67,5055770
4892465747,10749,09 Jul 2019 12:05,1:14:06,4446,53-40,Radiant,7119077,5679840
4892423570,10749,08 Jul 2019 11:17,0:34:52,2092,33-26,Radiant,6382242,5055770
4892406145,10749,08 Jul 2019 10:57,0:42:39,2559,19-39,Radiant,2672298,7233180
4892363826,10749,08 Jul 2019 10:15,0:30:23,1823,12-35,Dire,7220281,6382242
4892339816,10749,08 Jul 2019 09:55,0:33:13,1993,59-17,Radiant,67,5679840
4892314675,10749,08 Jul 2019 09:33,0:15:35,935,7-23,Dire,7119077,2672298
4892243619,10749,08 Jul 2019 08:36,0:41:50,2510,32-22,Radiant,7220281,5055770
4892205308,10749,08 Jul 2019 08:06,0:42:34,2554,18-40,Dire,5679840,7233180
4892157936,10749,08 Jul 2019 07:31,0:32:36,1956,13-25,Dire,6382242,7119077
4892123079,10749,08 Jul 2019 07:07,0:27:25,1645,37-13,Radiant,67,7220281
4892061752,10749,08 Jul 2019 06:27,0:54:11,3251,41-30,Radiant,6953913,5014799
4892030631,10749,08 Jul 2019 06:08,0:35:36,2136,23-16,Radiant,2006913,6209143
4891888089,10749,08 Jul 2019 04:55,0:47:56,2876,21-33,Dire,36,46
4891855782,10749,08 Jul 2019 04:40,1:01:25,3685,46-34,Dire,7119388,2006913
4891718348,10749,08 Jul 2019 03:40,0:32:00,1920,30-14,Radiant,7118032,7119388
4891703894,10749,08 Jul 2019 03:34,0:57:47,3467,43-36,Radiant,6953913,6209143
4891495610,10749,08 Jul 2019 02:05,0:47:20,2840,22-17,Radiant,5014799,46
4891494163,10749,08 Jul 2019 02:02,1:07:26,4046,53-42,Radiant,2006913,7118032
4891379575,10749,08 Jul 2019 01:02,0:26:10,1570,29-9,Radiant,36,6953913
4891314538,10749,08 Jul 2019 12:29,1:00:09,3609,39-28,Radiant,5014799,7119388
4891274138,10749,08 Jul 2019 12:00,0:32:10,1930,17-20,Dire,6209143,7118032
4891159360,10749,08 Jul 2019 10:41,0:38:11,2291,32-27,Radiant,6797380,4817649
4891159111,10749,08 Jul 2019 10:41,0:25:43,1543,17-37,Dire,6765426,543897
4891072664,10749,08 Jul 2019 09:42,0:31:48,1908,16-15,Dire,6765426,7225724
4891028474,10749,08 Jul 2019 09:12,0:38:10,2290,12-29,Dire,3785359,7098928
4890975618,10749,08 Jul 2019 08:30,0:44:35,2675,23-27,Dire,3262331,7225724
4890925224,10749,08 Jul 2019 07:50,0:51:58,3118,24-24,Radiant,543897,4817649
4890891138,10749,08 Jul 2019 07:22,0:36:36,2196,21-8,Radiant,6797380,7098928
4890854408,10749,08 Jul 2019 06:51,0:30:26,1826,28-7,Radiant,3262331,6765426
4890803314,10749,08 Jul 2019 06:05,0:44:19,2659,27-29,Dire,3785359,4817649
4890768096,10749,08 Jul 2019 05:30,0:56:17,3377,41-22,Radiant,6797380,7225724
4890756454,10749,08 Jul 2019 05:18,0:24:31,1471,33-14,Radiant,2672298,5679840
4890741448,10749,08 Jul 2019 05:03,0:25:17,1517,28-8,Radiant,543897,3262331
4890704361,10749,08 Jul 2019 04:24,0:51:11,3071,26-33,Radiant,7220281,7233180
4890686040,10749,08 Jul 2019 04:05,0:35:55,2155,32-20,Radiant,6382242,67
4890640926,10749,08 Jul 2019 03:13,0:23:02,1382,37-12,Radiant,2672298,5055770
4890624516,10749,08 Jul 2019 02:51,0:43:22,2602,23-11,Radiant,7119077,7220281
4890591079,10749,08 Jul 2019 02:05,0:31:01,1861,16-27,Dire,6382242,7233180
4890577856,10749,08 Jul 2019 01:45,0:38:16,2296,24-42,Dire,5679840,5055770
4890534860,10749,08 Jul 2019 12:45,0:50:34,3034,22-24,Radiant,2672298,67
4890527821,10749,08 Jul 2019 12:38,0:33:26,2006,12-28,Dire,7119077,7233180
4890475273,10749,07 Jul 2019 11:29,0:46:23,2783,49-29,Radiant,6382242,5679840
4890440666,10749,07 Jul 2019 10:52,1:12:30,4350,33-43,Radiant,5055770,7233180
4890404686,10749,07 Jul 2019 10:14,0:52:26,3146,17-14,Radiant,67,7119077
4890373782,10749,07 Jul 2019 09:49,0:32:01,1921,24-30,Dire,7220281,2672298
4890329559,10749,07 Jul 2019 09:11,0:30:10,1810,31-14,Radiant,46,6953913
4890306510,10749,07 Jul 2019 08:50,0:42:53,2573,8-27,Dire,5055770,7119077
4890258781,10749,07 Jul 2019 08:15,0:54:33,3273,39-23,Radiant,5679840,7220281
4890256608,10749,07 Jul 2019 08:15,0:33:13,1993,17-35,Dire,7118032,36
4890254708,10749,07 Jul 2019 08:13,0:32:54,1974,14-28,Dire,7119388,6209143
4890198782,10749,07 Jul 2019 07:31,0:50:36,3036,33-40,Dire,2672298,6382242
4890149021,10749,07 Jul 2019 07:00,0:42:32,2552,39-17,Radiant,67,7233180
4890125358,10749,07 Jul 2019 06:45,0:54:20,3260,18-32,Dire,46,2006913
4890122311,10749,07 Jul 2019 06:43,1:04:37,3877,34-32,Radiant,5014799,7118032
4889995626,10749,07 Jul 2019 05:30,0:42:08,2528,23-28,Dire,7119388,36
4889981518,10749,07 Jul 2019 05:23,0:48:56,2936,32-18,Radiant,2006913,6953913
4889881001,10749,07 Jul 2019 04:39,0:24:21,1461,24-10,Radiant,46,6209143
4889865830,10749,07 Jul 2019 04:32,0:28:10,1690,27-12,Radiant,36,5014799
4889722230,10749,07 Jul 2019 03:29,0:40:18,2418,31-18,Radiant,7119388,6953913
4889691529,10749,07 Jul 2019 03:12,0:46:31,2791,13-34,Dire,36,2006913
4889635707,10749,07 Jul 2019 02:40,0:27:17,1637,36-6,Radiant,6209143,5014799
4889610539,10749,07 Jul 2019 02:27,0:31:11,1871,5-35,Dire,4817649,7098928
4889555136,10749,07 Jul 2019 02:05,0:41:58,2518,31-19,Radiant,7118032,46
4889525518,10749,07 Jul 2019 01:42,0:34:26,2066,9-21,Dire,5014799,2006913
4889502467,10749,07 Jul 2019 01:28,0:55:02,3302,31-22,Radiant,3785359,3262331
4889496502,10749,07 Jul 2019 01:24,0:37:19,2239,14-24,Dire,543897,7225724
4889464422,10749,07 Jul 2019 01:06,0:30:57,1857,35-10,Radiant,7118032,6953913
4889414157,10749,07 Jul 2019 12:34,0:41:08,2468,37-14,Radiant,46,7119388
4889360849,10749,07 Jul 2019 11:57,0:48:48,2928,50-31,Radiant,6765426,7098928
4889343439,10749,07 Jul 2019 11:46,1:12:03,4323,34-39,Dire,6797380,3262331
4889341660,10749,07 Jul 2019 12:00,0:35:51,2151,17-27,Dire,36,6209143
4889265404,10749,07 Jul 2019 10:59,0:32:09,1929,7-25,Dire,3785359,7225724
4889233900,10749,07 Jul 2019 10:40,0:32:51,1971,15-37,Dire,6765426,4817649
4889163811,10749,07 Jul 2019 09:59,0:38:00,2280,10-35,Dire,543897,7098928
4889115579,10749,07 Jul 2019 09:36,0:35:16,2116,18-28,Dire,3785359,6797380
4889038294,10749,07 Jul 2019 08:53,0:43:49,2629,37-34,Radiant,7225724,4817649
4888974952,10749,07 Jul 2019 08:22,0:33:19,1999,23-9,Radiant,3785359,6765426
4888936676,10749,07 Jul 2019 08:01,0:32:17,1937,22-13,Radiant,543897,6797380
4888859291,10749,07 Jul 2019 07:20,0:32:34,1954,16-26,Dire,3262331,7098928
4888772755,10749,07 Jul 2019 06:33,0:57:04,3424,17-31,Dire,6765426,6797380
4888732113,10749,07 Jul 2019 06:05,0:43:15,2595,16-25,Dire,3262331,4817649
4888686136,10749,07 Jul 2019 05:31,0:34:13,2053,8-20,Dire,7098928,7225724
4888646940,10749,07 Jul 2019 05:01,0:28:12,1692,21-10,Radiant,3785359,543897
